{
  "C:\\Users\\junio.gomes\\Capricórnio Têxtil S.A\\LOGISTICA - SERVIDOR DE ARQUIVOS - Documentos\\nf-app\\danfe_414644912.xml": {
    "mtime": 1772863938.5062447,
    "size": 232243,
    "digest": "e0ca9c84e66e4117d6b48121caf25271",
    "imported_at": 1772999081.9636066
  }
}