{
  "C:\\Users\\junio.gomes\\Capricórnio Têxtil S.A\\LOGISTICA - SERVIDOR DE ARQUIVOS - Documentos\\nf-app\\danfe_414644912.xml": {
    "mtime": 1772863938.5062447,
    "size": 232243,
    "digest": "e0ca9c84e66e4117d6b48121caf25271",
    "imported_at": 1772999081.9636066
  },
  "C:\\Users\\junio.gomes\\Capricórnio Têxtil S.A\\LOGISTICA - SERVIDOR DE ARQUIVOS - Documentos\\nf-app\\35260360745411000642550010004005611834683198.xml": {
    "mtime": 1773072039.0,
    "size": 12133,
    "digest": "472aa6798cd52bf11571ffd153f01a1b",
    "imported_at": 1773138330.5176802
  },
  "C:\\Users\\junio.gomes\\Capricórnio Têxtil S.A\\LOGISTICA - SERVIDOR DE ARQUIVOS - Documentos\\nf-app\\35260360745411000642550010004005621840454429.xml": {
    "mtime": 1773072040.0,
    "size": 8855,
    "digest": "459df9ecde866feef6e0245c2e9ddb5f",
    "imported_at": 1773138330.9570851
  },
  "C:\\Users\\junio.gomes\\Capricórnio Têxtil S.A\\LOGISTICA - SERVIDOR DE ARQUIVOS - Documentos\\nf-app\\35260360745411000642550010004005631838530684.xml": {
    "mtime": 1773072040.0,
    "size": 9002,
    "digest": "cbf06efadfa4a1c08d1370caa4331c15",
    "imported_at": 1773138331.279308
  },
  "C:\\Users\\junio.gomes\\Capricórnio Têxtil S.A\\LOGISTICA - SERVIDOR DE ARQUIVOS - Documentos\\nf-app\\35260360745411000642550010004005641828911950.xml": {
    "mtime": 1773072040.0,
    "size": 8808,
    "digest": "a618160af8c3a26eeb3d6d1c2ae558c4",
    "imported_at": 1773138331.624837
  },
  "C:\\Users\\junio.gomes\\Capricórnio Têxtil S.A\\LOGISTICA - SERVIDOR DE ARQUIVOS - Documentos\\nf-app\\danfe_127427112.xml": {
    "mtime": 1773137748.4045682,
    "size": 200144,
    "digest": "ffe3c252ca1bdcf94c49ccbe0fc5e297",
    "imported_at": 1773138331.87076
  },
  "C:\\Users\\junio.gomes\\Capricórnio Têxtil S.A\\LOGISTICA - SERVIDOR DE ARQUIVOS - Documentos\\nf-app\\danfe_437114718.pdf": {
    "mtime": 1773072040.0,
    "size": 132371,
    "digest": "4c12e7edc323671f0e74bed854c64640",
    "imported_at": 1773138332.3318982
  },
  "C:\\Users\\junio.gomes\\Capricórnio Têxtil S.A\\LOGISTICA - SERVIDOR DE ARQUIVOS - Documentos\\nf-app\\danfe_968862560.xml": {
    "mtime": 1773137743.7155747,
    "size": 199347,
    "digest": "fb1ca44ff0036a1387317175974dc75f",
    "imported_at": 1773138332.605853
  },
  "C:\\Users\\junio.gomes\\Capricórnio Têxtil S.A\\LOGISTICA - SERVIDOR DE ARQUIVOS - Documentos\\nf-app\\danfe_998823650.xml": {
    "mtime": 1773137751.3755772,
    "size": 199519,
    "digest": "3806a3df7b0578cbf411fd483c9a2de5",
    "imported_at": 1773138332.874266
  },
  "C:\\Users\\junio.gomes\\Capricórnio Têxtil S.A\\LOGISTICA - SERVIDOR DE ARQUIVOS - Documentos\\nf-app\\danfe_669996641.xml": {
    "mtime": 1773146942.6975067,
    "size": 203875,
    "digest": "8f6ca063b76932a08a3633b3411bbbea",
    "imported_at": 1773194850.113528
  },
  "C:\\Users\\junio.gomes\\Capricórnio Têxtil S.A\\LOGISTICA - SERVIDOR DE ARQUIVOS - Documentos\\nf-app\\danfe_519367187.xml": {
    "mtime": 1773167715.7009287,
    "size": 207848,
    "digest": "6b2a18fd84b1c8318fc50cbb644bba84",
    "imported_at": 1773194848.8488615
  },
  "C:\\Users\\junio.gomes\\Capricórnio Têxtil S.A\\LOGISTICA - SERVIDOR DE ARQUIVOS - Documentos\\nf-app\\danfe_669996641 (2).xml": {
    "mtime": 1773168639.856569,
    "size": 203875,
    "digest": "8f6ca063b76932a08a3633b3411bbbea",
    "imported_at": 1773194849.497586
  },
  "C:\\Users\\junio.gomes\\Capricórnio Têxtil S.A\\LOGISTICA - SERVIDOR DE ARQUIVOS - Documentos\\nf-app\\danfe_998823650 (1).xml": {
    "mtime": 1773168732.3872838,
    "size": 199519,
    "digest": "3806a3df7b0578cbf411fd483c9a2de5",
    "imported_at": 1773194850.6679087
  },
  "C:\\Users\\junio.gomes\\Capricórnio Têxtil S.A\\LOGISTICA - SERVIDOR DE ARQUIVOS - Documentos\\nf-app\\danfe_515848369.xml": {
    "mtime": 1773242962.9115312,
    "size": 204752,
    "digest": "d5261e8c8de5444cb86110fd236ae4de",
    "imported_at": 1773242982.669048
  },
  "C:\\Users\\junio.gomes\\Capricórnio Têxtil S.A\\LOGISTICA - SERVIDOR DE ARQUIVOS - Documentos\\nf-app\\danfe_298602025.xml": {
    "mtime": 1773242993.6051087,
    "size": 204578,
    "digest": "812e6a391e97bc1d3f2d6242b053559c",
    "imported_at": 1773242998.3221743
  },
  "C:\\Users\\junio.gomes\\Capricórnio Têxtil S.A\\LOGISTICA - SERVIDOR DE ARQUIVOS - Documentos\\nf-app\\danfe_886502556.xml": {
    "mtime": 1773243068.5539708,
    "size": 199791,
    "digest": "5455fab972fd4c01906a4a4e64a4d4c8",
    "imported_at": 1773243074.0714114
  },
  "C:\\Users\\junio.gomes\\Capricórnio Têxtil S.A\\LOGISTICA - SERVIDOR DE ARQUIVOS - Documentos\\nf-app\\danfe_929290487.xml": {
    "mtime": 1773243179.8912349,
    "size": 459117,
    "digest": "800f335dc055a55b3309d46054c351f6",
    "imported_at": 1773243186.2588649
  }
}