{
  "C:\\Users\\junio.gomes\\Capricórnio Têxtil S.A\\LOGISTICA - SERVIDOR DE ARQUIVOS - Documentos\\nf-app\\35260360745411000642550010004005611834683198.xml": {
    "mtime": 1773072039.0,
    "size": 12133,
    "digest": "472aa6798cd52bf11571ffd153f01a1b",
    "imported_at": 1773099857.5073905
  },
  "C:\\Users\\junio.gomes\\Capricórnio Têxtil S.A\\LOGISTICA - SERVIDOR DE ARQUIVOS - Documentos\\nf-app\\35260360745411000642550010004005621840454429.xml": {
    "mtime": 1773072040.0,
    "size": 8855,
    "digest": "459df9ecde866feef6e0245c2e9ddb5f",
    "imported_at": 1773099858.452675
  },
  "C:\\Users\\junio.gomes\\Capricórnio Têxtil S.A\\LOGISTICA - SERVIDOR DE ARQUIVOS - Documentos\\nf-app\\35260360745411000642550010004005631838530684.xml": {
    "mtime": 1773072040.0,
    "size": 9002,
    "digest": "cbf06efadfa4a1c08d1370caa4331c15",
    "imported_at": 1773099859.265504
  },
  "C:\\Users\\junio.gomes\\Capricórnio Têxtil S.A\\LOGISTICA - SERVIDOR DE ARQUIVOS - Documentos\\nf-app\\35260360745411000642550010004005641828911950.xml": {
    "mtime": 1773072040.0,
    "size": 8808,
    "digest": "a618160af8c3a26eeb3d6d1c2ae558c4",
    "imported_at": 1773099860.1631188
  },
  "C:\\Users\\junio.gomes\\Capricórnio Têxtil S.A\\LOGISTICA - SERVIDOR DE ARQUIVOS - Documentos\\nf-app\\danfe_414644912.xml": {
    "mtime": 1772863938.5062447,
    "size": 232243,
    "digest": "e0ca9c84e66e4117d6b48121caf25271",
    "imported_at": 1773099860.6490636
  },
  "C:\\Users\\junio.gomes\\Capricórnio Têxtil S.A\\LOGISTICA - SERVIDOR DE ARQUIVOS - Documentos\\nf-app\\danfe_437114718.pdf": {
    "mtime": 1773072040.0,
    "size": 132371,
    "digest": "4c12e7edc323671f0e74bed854c64640",
    "imported_at": 1773099861.5967484
  }
}